Model,Accuracy
Logistic Regression,0.8536585365853658
Decision Tree,0.7723577235772358
Random Forest,0.8048780487804879
KNN,0.8292682926829268
